Test Case ID,Scenario,Type,Expected,Actual,Status,Note
TC-AUTH-001,"Valid admin login returns tokens",P,200,200,PASS,""
TC-AUTH-002,"Login response includes roles+permissions",P,roles>0,1r/32p,PASS,""
TC-AUTH-003,"Wrong password rejected",N,401,401,PASS,""
TC-AUTH-004,"Unknown email rejected",N,401,401,PASS,""
TC-AUTH-005,"Malformed email validation",N,422,422,PASS,""
TC-AUTH-006,"Empty password validation",N,422,422,PASS,""
TC-AUTH-007,"Protected route without token",SEC,401,401,PASS,""
TC-AUTH-008,"Tampered JWT rejected",SEC,401,401,PASS,""
TC-AUTH-009,"Garbage token rejected",SEC,401,401,PASS,""
TC-AUTH-010,"/auth/me returns profile",P,200,200,PASS,""
TC-AUTH-011,"Refresh issues new token pair",P,200,200,PASS,""
TC-AUTH-012,"Refresh token rotated (new != old)",BR,rotated,rotated,PASS,""
TC-AUTH-013,"Reused (revoked) refresh rejected",N,401,401,PASS,""
TC-AUTH-014,"Invalid refresh rejected",N,401,401,PASS,""
TC-AUTH-015,"Password reset with wrong OTP",N,400,400,PASS,""
TC-AUTH-016,"Weak password rejected on reset",BR,422,422,PASS,""
TC-AUTH-017,"Forgot-password no user enumeration (same status)",SEC,equal,200/200,PASS,""
TC-AUTH-018,"Billing Assistant login",P,200,200,PASS,""
TC-AUTH-019,"Billing Assistant DENIED user:create",SEC,403,403,PASS,""
TC-AUTH-020,"Billing Assistant DENIED role:create",SEC,403,403,PASS,""
TC-AUTH-024,"Billing Assistant DENIED settings:view",SEC,403,403,PASS,""
TC-AUTH-025,"Billing Assistant DENIED settings:edit",SEC,403,403,PASS,""
TC-AUTH-026,"Billing Assistant DENIED audit read",SEC,403,403,PASS,""
TC-AUTH-027,"Billing Assistant DENIED user list",SEC,403,403,PASS,""
TC-AUTH-028,"Billing Assistant DENIED tenant delete",SEC,403,403,PASS,""
TC-AUTH-029,"Billing Assistant ALLOWED billing:view",P,200,200,PASS,""
TC-AUTH-030,"Billing Assistant ALLOWED customers:view",P,200,200,PASS,""
TC-AUTH-031,"Admin ALLOWED settings:view",P,200,200,PASS,""
TC-AUTH-032,"Admin ALLOWED audit read",P,200,200,PASS,""
TC-AUTH-033,"Admin ALLOWED user list",P,200,200,PASS,""
TC-AUTH-021,"Non-existent bill id → 404 (no leak)",SEC,404,404,PASS,""
TC-AUTH-022,"Inactive user blocked from login",BR,403,403,PASS,""
TC-AUTH-023,"Invalid status value rejected",N,422,422,PASS,""