Phase,Test ID,Scenario,Expected,Actual,Status,Severity
"5 Integration","INT-001","Add inventory batch (precondition)","200/201","201","PASS","Medium"
"5 Integration","INT-002","Bill created against batch","201","201","PASS","Medium"
"5 Integration","INT-003","Inventory deducted by sold qty (5)","50-5=45","45","PASS","High"
"5 Integration","INT-004","Stock movement (SALE) recorded","SALE present","yes","PASS","High"
"5 Integration","INT-005","Customer totalSpend updated after bill","≥500","500","PASS","High"
"5 Integration","INT-006","Loyalty points accrued (floor 500/100=5)","≥5","5","PASS","Medium"
"5 Integration","INT-007","Scheduled-drug bill creates register entry","7+1","8","PASS","Critical"
"5 Integration","INT-008","Today's bills reflected in sales report","200 + bills>0","200/16","PASS","Medium"
"5 Integration","INT-009","Billing token carries only its granted perms","has billing:create, no users:create","true/true","PASS","High"
"5 Integration","INT-010","Soft-deleted medicine excluded from list","absent","absent","PASS","Medium"
"6 Workflow","WF-001","Retail sale E2E: customer→stock→bill→receipt fetch","all steps pass","4/4","PASS","High"
"6 Workflow","WF-002","Prescription lifecycle: create→approve→dispense","all 3","3/3","PASS","High"
"6 Workflow","WF-003","Return lifecycle: create→approve→process","all 3","3/3","PASS","High"
"6 Workflow","WF-004","Re-approving approved return rejected (400)","400","400","PASS","Medium"
"6 Workflow","WF-005","Procurement: vendor→invoice→payment","all pass","v201/pi201/pay201","PASS","Medium"
"7 API","API-001","Success envelope has success+data+timestamp","all keys","true","PASS","Medium"
"7 API","API-002","Paginated payload has data+total+page+totalPages","all keys","true","PASS","Medium"
"7 API","API-003","404 returns success:false","success:false","false","PASS","Medium"
"7 API","API-004","Missing token → 401","401","401","PASS","Medium"
"7 API","API-005","Validation error → 422","422","422","PASS","Medium"
"7 API","API-006","Unknown route → 404","404","404","PASS","Medium"
"7 API","API-007","Unsupported method → 404/405","404/405","404","PASS","Medium"
"7 API","API-008","Health endpoint public 200","200","200","PASS","Medium"
"7 API","API-009","Pagination limit respected (≤2)","≤2","2","PASS","Medium"
"7 API","API-010","Responses are JSON","json","json","PASS","Medium"
"8 Security","SEC-A01-1","A01 Billing denied user:create","403","403","PASS","Critical"
"8 Security","SEC-A01-2","A01 Billing tenant list self-scoped only","≤1","0","PASS","Critical"
"8 Security","SEC-A01-3","A01/IDOR cross-tenant read → 404","404","404","PASS","Critical"
"8 Security","SEC-A03-1","A03 SQL-injection string in search handled safely","200 no crash","200","PASS","High"
"8 Security","SEC-A03-2","A03 XSS payload accepted as literal data (no server error)","201","201","PASS","Medium"
"8 Security","SEC-A02-1","A02 No passwordHash in login response","absent","absent","PASS","Critical"
"8 Security","SEC-A07-1","A07 Weak password rejected","422","422","PASS","Medium"
"8 Security","SEC-JWT-1","Tampered JWT rejected","401","401","PASS","Critical"
"8 Security","SEC-JWT-2","alg:none forged token rejected","401","401","PASS","Critical"
"8 Security","SEC-A08-1","A08 Mass-assignment of tenantId/id ignored","not forced","safe","PASS","High"
"8 Security","SEC-A05-1","A05 Helmet header X-Content-Type-Options present","nosniff","nosniff","PASS","Medium"
"8 Security","SEC-A04-1","A04 Auth rate limiting configured (verified Phase 3 DEF-002)","configured","configured","PASS","Low"
"8 Security","SEC-INP-1","Oversized name rejected (not 500)","4xx","422","PASS","Medium"
"8 Security","SEC-INP-2","Malformed JSON handled (400, not 500)","400","400","PASS","Medium"